name	split_commit
ansi	925d55573300d70200c672055ac80af53b8b98fe
archive	da67f62217e0ae7849754a5f6abeec400cb7c09c
asn1	e5baaf2e80227bb548da840729d781874dc69a38
bench	2fd2684fb8ee4b9d548594d7062b48fba68c1b58
bigint	6fdf587ca60c386dfde3fdb77c5953516815e254
bigmath	432ee611d65cfd04f29163f31958d5fd60eb0cc0
bitflags	2b8bfef5451024a79124b4882be227940e5d7b9c
cache	807167dd08ad430178956f972ab8a3e81bf821c0
cli	32c343b5d4673670440e19b5efcc2bbc467479db
color	f26b3498efa8129b25b304d54bd693494090ffc6
compress	d9d6b02f38ba44d4050029992d3d0a628a105701
config	1e36253d72e668d8058c9e14de59349f37567dbf
csv	dad8975494c43cf510aefd9a4f538b1c497f8dfb
datetime	5ebacd9dc39957bce87490d23c71727b7c417f44
decimal	688fc460c07e395099a64e3723805037c2c2d9a4
diagnostics	2bd265f7de6251ffcddd103a0c9804039ee6d26a
diff	87268819d96486a88e38e9864d632d8ae46d5c4c
dwarf	517cd746f9b69f5e7897e5cdb99cbd3bcf9ce0a4
fuzzy	97899e7cb4304f61492af5f1a5ba0457671fce8a
go_doc	0d10a85215ff145afb30347a0ba5970c01753619
graph	7637e3b59fabca5c4f42e22ed01d5476840eb0b4
highlight	5d23eb3e439a03710b2d5112037fbe4e6536897c
html	0dd081700f4e8d6eaf6f6381c33630a740e49572
http	1bee93fef0b06f3c8db61c836708611c7c07b29c
ignore	f76f66a99aa0c04fbf87c5cb033a2d8fb4ba05ec
image	ccc8eb217ad93f7cc01c633e85ccfdab019538c3
incremental	66be135c82ddd2cdea1be372b14cfc55461beb59
llvm	a7605ce9c5d326e5397c012a972e526b29df61c8
logos	f0dfb229763562d515a8ed3a6a0a86729e6d92ab
lsp	d031d4209979ddc0fb82e0972ebff0d73e77d327
mail	f9d48ef2ec9458e48aa516ce0c1cd1dcd84f286d
markdown	03a77399597f52ccf9cb4e4447ee9f5709e46e6c
metrics	4174d4c80da37dd8cb4bd6624a8229697ca5b94b
mime	140961f4f8112a1259d48be85be2055bd70769b3
msgpack	049a9911063b2712691f4ddbed4d1af2d9aa9fe0
ndarray	11f83df5a675bb6bf336b6d24c3761f8aef9f534
notify	e3726388a2cab15939ca27d893077e09cefe9cbf
object	774482ecab522901e537fe3b724d9fc6e01de6bb
parser	e2c8600791e42ce2e3f2ea53a1a89d3252b0cd3b
pipeline	bc700dfa9da2c16d321fc09be469d6d5b977c477
progress	9ee6a28294df535fcefaf26509faba820edbaa29
prompt	42e65be29192f75d33fb1234e4f4f641c1dba2ff
proptest	ad4fa38bf41a616e6945a2479a63f3866b922fba
redis	5a8946e9b43ee2ccfcdabe81869c1c72efd37ffd
regexp	637584f4d4ff7f4b7df76767a0bd221c2ccb9e2e
request	31e0f67090e82fcee325c8a20da8003ac7469583
rope	79cb5f957051125ebe6bc405bf5d2d4779922f8f
sql	e646099967d759960a43ada14dbea6b36f8ab101
sqlite	6f1e84aaf4b103b4ac17f7e08cd981607ae57a28
syntax	63c45a38de35067bcd39ffdc23069b0afc5e3802
tabwriter	306aa6565c282e88217620c7d28569b69cb1222d
tempfile	8f0f119451e05f331f93d98ea21c59aa2b9ffd4d
template	a4f4e49464de74a18681811e5073d55c7cd84a70
terminal	e3241cab34e0845331effa20d95c93b13656b90b
textproto	da7792bcd89ee0e8621b36a68eaa5353fdbc5596
tracing	5294d42de73350062679b878ab545785a9fe81df
tui	17e4ab954bc4d2cdf7fed51db07e0c40874bcaf5
tui_markdown	d9d1c653999398dd0f431a63c64803efc1ee4d5b
unicode_text	2298e0b102fa87b605db1204adb479c54c621224
walkdir	6cbd101385470509752a2cfa69fb11ad5785e37b
web	fc1fcb5c60d09ffa11ee8e06eed025d288fdefc5
websocket	cd13fc95269f35f8f59e07953ac9cda7757810a1
x509	c0d3273b52abd181da6f4f3fc1858fc92a9198dd
xml	61bbc91545ae00bde2585f9da3251cff1ec4e7c0
